ug/mL,log[ug/mL],MGATgD pre-fusion trimer,01,02,avg[MGATgD pre-fusion trimer],std[MGATgD pre-fusion trimer],McLellan MGAT pre-fusion trimer,03,04,avg[McLellan MGAT pre-fusion trimer],std[McLellan MGAT pre-fusion trimer],McLellan CHO pre-fusion trimer,05,06,avg[McLellan CHO pre-fusion trimer],std[McLellan CHO pre-fusion trimer],HEK 293 (Genscript) S1 domain protein,07,08,avg[HEK 293 (Genscript) S1 domain protein],std[HEK 293 (Genscript) S1 domain protein],MGAT gD-Env,09,10,avg[MGAT gD-Env],std[MGAT gD-Env]
5,1.6094379124,140224,140499,141784,140835.66667,832.71143461,156103,157478,155070,156217,1208.0409761,153089,143074,133990,143384.33333,9553.2811292,156655,154971,156442,156022.66667,916.9756449,3100,3769,5949,4272.6666667,1489.7853313
1.67,0.5128236264,145704,140453,143661,143272.66667,2646.951517,151765,151443,150180,151129.33333,837.76269512,148448,153899,150217,150854.66667,2780.8837324,146826,148393,141980,145733,3343.2961281,4091,2470,3753,3438,855.1777593
0.56,-0.579818495,127927,132066,131804,130599,2317.7249621,142787,127382,135908,135359,7717.159905,139886,140325,145429,141880,3081.3521383,91768,96546,97907,95407,3224.1000295,6270,2940,4236,4482,1678.5743951
0.19,-1.660731207,118816,130191,130275,126427.33333,6591.7418285,111679,101730,110471,107960,5429.0414439,130242,129903,128321,129488.66667,1025.336205,68344,68741,79952,72345.666667,6590.2680016,4474,6372,5184,5343.3333333,958.97931851
0.06,-2.813410717,74004,81958,80996,78986,4341.2675568,75572,74514,75096,75060.666667,529.88426409,89405,89242,88391,89012.666667,544.5129322,37730,42680,49125,43178.333333,5713.8216925,5953,5306,3330,4863,1366.4622205
0.02,-3.912023005,14784,11489,13209,13160.666667,1648.0316542,11895,13344,13082,12773.666667,772.14139465,13832,13525,14208,13855,342.08039991,6787,6666,12087,8513.3333333,3095.4773999,4608,5353,4737,4899.3333333,398.14612058
0.007,-4.96184513,7473,6619,8669,7587,1029.7436574,5748,7006,5644,6132.6666667,758.11432735,6803,7935,8703,7813.6666667,955.79356209,4458,5993,6516,5655.6666667,1069.6664589,2893,4624,2701,3406,1059.1784552
0.002,-6.214608098,9617,4935,6570,7040.6666667,2376.2210195,3313,3376,6509,4399.3333333,1827.2964547,5408,3973,6540,5307,1286.4769722,4308,2387,6741,4478.6666667,2182.0115337,8395,2198,2382,4325,3525.9238506
