ug/mL,log[ug/mL],MGATgD pre-fusion trimer,01,02,avg[MGATgD pre-fusion trimer],std[MGATgD pre-fusion trimer],McLellan MGAT pre-fusion trimer,03,04,avg[McLellan MGAT pre-fusion trimer],std[McLellan MGAT pre-fusion trimer],McLellan CHO pre-fusion trimer,05,06,avg[McLellan CHO pre-fusion trimer],std[McLellan CHO pre-fusion trimer],HEK 293 (Genscript) S1 domain protein,07,08,avg[HEK 293 (Genscript) S1 domain protein],std[HEK 293 (Genscript) S1 domain protein],MGAT gD-Env,09,10,avg[MGAT gD-Env],std[MGAT gD-Env]
5,1.6094379124,149075,145906,144031,146337.33333,2549.5137445,148517,148855,134480,143950.66667,8203.5788735,84388,93420,103322,93710,9470.3307228,14495,14396,14371,14420.666667,65.576926837,6276,5407,6543,6075.3333333,593.99017949
1.67,0.5128236264,143710,153088,154008,150268.66667,5698.5683582,138818,143570,125619,136002.33333,9300.8378296,77691,92427,94981,88366.333333,9332.8872989,14489,14079,14500,14356,239.95207855,4728,5175,6755,5552.6666667,1064.9677616
0.56,-0.579818495,150659,161071,156397,156042.33333,5215.0529559,130569,158156,133442,140722.33333,15166.182194,85922,81382,92863,86722.333333,5782.1916548,12596,15501,13743,13946.666667,1463.1699605,3663,2480,4537,3560,1032.3608865
0.19,-1.660731207,125145,149706,134702,136517.66667,12380.757825,110928,119857,109380,113388.33333,5655.2464432,87676,80394,81528,83199.333333,3918.1497334,15377,15265,13202,14614.666667,1224.6862183,3543,3303,3759,3535,228.10523887
0.06,-2.813410717,90585,108529,107694,102269.33333,10127.538711,97472,95909,98766,97382.333333,1430.6090777,61753,67250,79541,69514.666667,9107.6765606,15827,16729,14624,15726.666667,1056.0806472,4052,5839,4351,4747.3333333,957.15846825
0.02,-3.912023005,38776,39808,39643,39409,554.36720682,34886,36954,36911,36250.333333,1181.7429218,18709,15493,34514,22905.333333,10181.184623,14682,13731,13126,13846.333333,784.38532198,6320,2006,7609,5311.6666667,2934.4427637
0.007,-4.96184513,25617,29695,20979,25430.333333,4360.9972866,27578,26351,27025,26984.666667,614.49355841,9003,5814,9823,8213.3333333,2117.947198,12632,15897,15259,14596,1730.5296877,4962,3201,4652,4271.6666667,940.09059847
0.002,-6.214608098,26824,17665,17641,20710,5294.8929168,16324,17276,17650,17083.333333,683.67341131,5633,7260,6777,6556.6666667,835.57904075,13504,12816,13494,13271.333333,394.3619319,5174,9437,6087,6899.3333333,2244.5949152
