ug/mL,log[ug/mL],MGATgD pre-fusion trimer,01,02,avg[MGATgD pre-fusion trimer],std[MGATgD pre-fusion trimer],McLellan MGAT pre-fusion trimer,03,04,avg[McLellan MGAT pre-fusion trimer],std[McLellan MGAT pre-fusion trimer],McLellan CHO pre-fusion trimer,05,06,avg[McLellan CHO pre-fusion trimer],std[McLellan CHO pre-fusion trimer],HEK 293 (Genscript) S1 domain protein,07,08,avg[HEK 293 (Genscript) S1 domain protein],std[HEK 293 (Genscript) S1 domain protein],MGAT gD-Env,09,10,avg[MGAT gD-Env],std[MGAT gD-Env]
5,1.6094379124,169370,144775,159831,157992,12400.199474,126989,130664,126989,128214,2121.7622393,101091,90775,101091,97652.333333,5955.945377,94628,102690,104353,100557,5201.5548637,5365,6567,5365,5765.6666667,693.97502357
1.67,0.5128236264,127435,103014,127916,119455,14240.354666,103235,96148,103235,100872.66667,4091.6813577,72662,66675,62689,67342,5019.8455156,59428,54567,56942,56979,2430.7112128,3727,2593,3727,3349,654.71520526
0.56,-0.579818495,73540,77170,74351,75020.333333,1905.3163342,63770,64820,62650,63746.666667,1085.1881557,52501,45682,49887,49356.666667,3440.2950939,47987,25669,29030,34228.666667,12032.991413,4036,3466,4036,3846,329.08965344
0.19,-1.660731207,42948,52229,43768,46315,5138.0586801,26455,31317,28552,28774.666667,2438.6361626,30528,25164,28023,27905,2683.9461619,19211,18597,17679,18495.666667,771.01059223,3436,4428,3436,3766.6666667,572.73146704
0.06,-2.813410717,24945,29083,27316,27114.666667,2076.3338685,15058,24803,18770,19543.666667,4918.350977,23718,19631,20234,21194.333333,2206.2575401,17133,11389,14125,14215.666667,2873.0731514,4256,2435,4256,3649,1051.3548402
0.02,-3.912023005,7032,6737,5630,6466.3333333,739.15244255,4968,6094,4766,5276,715.57249807,7447,4313,4609,5456.3333333,1730.3090283,6897,6281,3590,5589.3333333,1758.6541256,3285,2286,3285,2952,576.77291892
0.007,-4.96184513,2812,3173,2976,2987,180.75121023,4070,3723,4132,3975,220.42912693,7877,3467,3814,5052.6666667,2452.0901968,6505,6831,9448,7594.6666667,1613.28929,1517,6090,1517,3041.3333333,2640.222781
0.002,-6.214608098,2551,4039,5663,4084.3333333,1556.4952083,5267,4649,8776,6230.6666667,2225.8756329,4340,7755,7390,6495,1875.1866574,9869,6642,1081,5864,4445.357016,2908,13218,2908,6344.6666667,5952.4812753
