ug/mL,log[ug/mL],MGATgD pre-fusion trimer,01,02,avg[MGATgD pre-fusion trimer],std[MGATgD pre-fusion trimer],McLellan MGAT pre-fusion trimer,03,04,avg[McLellan MGAT pre-fusion trimer],std[McLellan MGAT pre-fusion trimer],McLellan CHO pre-fusion trimer,05,06,avg[McLellan CHO pre-fusion trimer],std[McLellan CHO pre-fusion trimer],HEK 293 (Genscript) S1 domain protein,07,08,avg[HEK 293 (Genscript) S1 domain protein],std[HEK 293 (Genscript) S1 domain protein],MGAT gD-Env,09,10,avg[MGAT gD-Env],std[MGAT gD-Env]
5,1.6094379124,177435,162652,169082,169723,7412.3163046,163224,154353,169059,162212,7405.046725,148390,158277,163224,156630.33333,7552.8486238,164579,157086,164579,162081.33333,4326.085567,9216,8405,9022,8881,423.48671762
1.67,0.5128236264,181617,164602,179126,175115,9189.3224451,149337,156994,154471,153600.66667,3901.9895353,161616,158948,149337,156633.66667,6458.3716472,151925,146657,151875,150152.33333,3027.1506955,6288,5761,5988,6012.3333333,264.34131976
0.56,-0.579818495,176878,162345,162894,167372.33333,8236.7241263,155643,151224,154580,153815.66667,2306.5221294,152768,154778,155643,154396.33333,1475.0112994,149909,142645,149765,147439.66667,4152.927321,4035,4060,4099,4064.6666667,32.254198693
0.19,-1.660731207,169077,154459,158052,160529.33333,7617.372666,157322,176769,175907,169999.33333,10987.349377,160975,157285,157322,158527.33333,2119.822241,131189,149641,141786,140872,9259.8932499,5194,5047,5092,5111,75.319320231
0.06,-2.813410717,141872,140072,141906,141283.33333,1049.1831743,149863,141025,148992,146626.66667,4870.6942353,154449,157694,149863,154002,3934.5898134,139487,139194,139876,139519,342.12424644,5674,4846,4800,5106.6666667,491.86312459
0.02,-3.912023005,36496,36025,35642,36054.333333,427.75499218,36576,35910,35112,35866,732.99113228,38147,38524,36576,37749,1033.1887533,32218,33931,32218,32789,989.00101112,2353,4454,4322,3709.6666667,1176.7601002
0.007,-4.96184513,19855,17772,19625,19084,1142.0302098,15183,19448,17679,17436.666667,2142.8019818,20080,17945,15183,17736,2455.1808487,21313,21334,21765,21470.666667,255.11631334,3576,3164,2673,3137.6666667,452.07558365
0.002,-6.214608098,8141,9762,9480,9127.6666667,866.0336791,10169,10818,10901,10629.333333,400.81458723,13564,11929,10169,11887.333333,1697.8834864,10633,10964,10212,10603,376.89653753,7414,5456,5643,6171,1080.5225588
